LCS/Standard,最後確認品牌,,,,,,,,,,
SmartHeart 慧心貓糧,慧心 SmartHeart,慧心貓糧 SmartHeart,慧心貓糧smartheart,SmartHeart,,,,,,,
巴黎萊雅,巴黎萊雅 L'OREAL PARIS,巴黎萊雅l'orealparis,L'Oréal Paris 巴黎萊雅,巴黎萊雅 L'oreal Paris,,,,,,,
適樂膚 CeraVe,CeraVe適樂膚,CeraVe,CeraVe 適樂膚,適樂膚cerave,,,,,,,
瑪恩吉monge,瑪恩吉 Monge,瑪恩吉 MONGE,,,,,,,,,
愛迪達 adidas,adidas 愛迪達,愛迪達adidas,adidas,,,,,,,,
曼秀雷敦 MENTHOLATUM,MENTHOLATUM 曼秀雷敦,曼秀雷敦mentholatum,MENTHOLATUM,,,,,,,,
國際,國際牌,Panasonic 國際牌,國際牌 panasonic,國際牌 Panasonic,國際牌 PANASONIC,Panasonic,,,,,
雪芙蘭 Cellina,Cellina 雪芙蘭,雪芙蘭,Cellina,雪芙蘭cellina,,,,,,,
Biore 蜜妮,蜜妮,蜜妮Biore,蜜妮 Bioré,蜜妮biore,MEN'S Bioré,Bioré,,,,,
獅王LION,LION獅王,日本獅王lion,LION 獅王,日本獅王,PAIR 沛醫亞,LION Kirei-kirei 日本獅王趣淨,獅王,獅王 LION,,,
奇士美 kissme,kiss,奇士美 KISSME,KISSME,KISSME 奇士美,,,,,,,
特福 Tefal,法國特福 Tefal,特福 TEFAL,特福Tefal,法國特福tefal,,,,,,,
KOSE 高絲-專櫃,Junkisei Prime 潤肌精,高絲 KOSE,Softymo 絲芙蒂,高絲 kose,雪肌精,KOSE高絲,GRACE ONE 極上活妍,KOSE 高絲,,,
蘭蔻 LANCOME,ME蘭蔻,LANCOME 蘭蔻,LANCÔME 蘭蔻,蘭蔻lancome,,,,,,,
理膚寶水 LA ROCHE POSAY,LA ROCHE POSAY 理膚寶水,理膚寶水larocheposay,理膚寶水,,,,,,,,
統一瑞穗極制,統一瑞穗,,,,,,,,,,
飛利浦 PHILIPS,飛利浦philips,飛利浦 Philips,飛利浦P,飛利浦,,,,,,,
資生堂 SHISEIDO,SHISEIDO 資生堂國際櫃,SHISEIDO,SHISEIDO MEN,SHISEIDO 資生堂,資生堂,SHISEIDO 資生堂東京櫃,資生堂shiseido,,,,
植村秀shuuemura,shu uemura 植村秀,植村秀 shu uemura,植村秀 Shu uemura,huuemura,,,,,,,
無印良品,無印良品muji,MUJI 無印良品,無印良品 MUJI,,,,,,,,
日立 ITACHI,ITACHI,日立 HITACHI,日立,,,,,,,,
獅王LION,獅王 LION,,,,,,,,,,
L'OCCITANE 歐舒丹,L'OCCITANE,歐舒丹 L'OCCITANE,歐舒丹,歐舒丹l'occitane,,,,,,,
Dr's Formula 台塑生醫,台塑生醫醫之方,台塑,台塑生醫dr'sformula,台塑生醫FORTE,醫之方,台塑生醫Dr's Formula,台塑生醫 Dr's Formula,Dr‘s Formula,台塑生醫 Dr’s Formula,台塑生醫,台塑生醫 醫之方
統一 AB,統一AB,,,,,,,,,,
Avène 雅漾,Avene 雅漾,雅漾avene,雅漾 Avène,ne雅漾,,,,,,,
石頭科技 Roborock,石頭科技roborock,石頭科技,,,,,,,,,
Bioderma 貝膚黛瑪,貝膚黛瑪 Bioderma,貝膚黛瑪bioderma,貝膚黛瑪,BIODERMA 貝膚黛瑪,,,,,,,
Sebamed 施巴,Sebamed,施巴Sebamed,施巴 Sebamed,施巴,施巴 sebamed,,,,,,
印象之美,Kanebo 佳麗寶-開架式,Kanebo 佳麗寶,佳麗寶kanebo,Kanebo佳麗寶,佳麗寶 Kanebo,LUNASOL,LUNA,,,,
HydroBalance,水平衡 Hydro Balance,水平衡,Hydro Balance 水平衡,水平衡hydrobalance,,,,,,,
美津農 mizuno,美津濃 MIZUNO,MIZUNO,美津農 MIZUNO,,,,,,,,
Amma Garden 艾瑪花園,艾瑪花園 Amma garden,艾瑪花園ammagarden,艾瑪花園,,,,,,,,
寶瀅Persil,寶瀅persil,Persil,,,,,,,,,
tsaio 上山採藥,上山採藥tsaio,上山採藥 tsaio,上山採藥,,,,,,,,
伊萊克斯 Electrolux,伊萊克斯electrolux,伊萊克斯,,,,,,,,,
GIORGIO ARMANI 亞曼尼,GIORGIO ARMANI,ARMANI亞曼尼,亞曼尼 ARMANI,ARMANI 亞曼尼,亞曼尼giorgioarmani,,,,,,
優格toma-pro,優格 TOMA-PRO,優格TOMA-PRO,,,,,,,,,
Too cool for school,Too Cool For School,toocoolforschool,oocoolforschool,too cool for school,,,,,,,
ocodor,珂珂朵爾 Cocodor,Cocodor,cocodor,,,,,,,,
台灣三洋 SANLUX,台灣三洋sanlux,三洋 SANLUX,台灣三洋,三洋SANLUX,三洋,,,,,,
hirlpool,惠而浦whirlpool,惠而浦,惠而浦 Whirlpool,惠而浦 whirlpool,,,,,,,
耀eau,耀 EAU,EAU耀,EAU 耀,,,,,,,,
聯想 Lenovo,Lenovo 聯想,Lenovo,聯想lenovo,,,,,,,,
花仙子 Farcent,Farcent,,,,,,,,,,
德國達麗,德國達麗 dalli,德國達麗dalli,德國達麗Dalli,,,,,,,,
達特醫dr.hsieh,達特醫 Dr.Hsieh,Dr.Hsieh,Dr.Hsieh達特醫,Dr.Hsieh 達特醫,,,,,,,
ForBelovedOne寵愛之名,ForBelovedOne 寵愛之名,寵愛之名forbelovedone,寵愛之名 ForBelovedOne,,,,,,,,
嬌生 Johnson's,Johnson's 嬌生,Johnson's,嬌生,,,,,,,,
NorthF,The North Face,,,,,,,,,,
pretty by flormar,Flormar,,,,,,,,,,
瑪恩吉M,MONGE 瑪恩吉,瑪恩吉 Monge,瑪恩吉 MONGE,,,,,,,,
明洞國際,Mdmmd 明洞國際,明洞國際mdmmd,Mdmmd,,,,,,,,
菲蘇德美,菲蘇德美 pHisoDerm,菲蘇德美phisoderm,pHisoDerm 菲蘇德美,,,,,,,,
耐吉斯 SOLUTION,耐吉斯solution,Solution 耐吉斯,耐吉斯S,耐吉斯 Solution,,,,,,,
森歐黎漾,森歐黎漾 Saholea,Saholea 森歐黎漾,森歐黎漾saholea,SAHOLEA,,,,,,,
慕之恬廊 mustela,ustela,Mustela 慕之恬廊,慕之恬廊mustela,Mustela,,,,,,,
普洛斯 Prosi,Prosi 普洛斯,普洛斯,普洛斯prosi,普洛斯Prosi,,,,,,,
PALMER'S,帕瑪氏 PALMER'S,PALMER'S 帕瑪氏,帕瑪氏palmer's,,,,,,,,
Iris Ohyama,日本irisohyama,IRIS OHYAMA 愛麗思歐雅瑪,IRIS,愛麗思歐雅瑪 IRIS OHYAMA,IRISOHYAMA,IRIS OHYAMA,日本Iris Ohyama,,,,
avalonorganics,AVALON ORGANICS,艾瑪絲 AVALON,AVALON,,,,,,,,
WATSONS,Naturals,Watsons 屈臣氏,屈臣氏watsons,Collagen by Watsons,Arome by Watsons,屈臣氏,Watsons,Naturals by Watsons,byWatsons,屈臣氏 Watsons,
柔蝶roudye,Roudye,Roudye 柔蝶,柔蝶 Roudye,ROUDYE 柔蝶,,,,,,,
怪獸部落litomon,怪獸部落 LitoMon,怪獸部落,LitoMon 怪獸部落,,,,,,,,
德瑪 DERMAL,DERMAL,DERMAL 德瑪,德瑪dermal,,,,,,,,
Frigidaire 富及第,富及第 Frigidaire,富及第frigidaire,富及第F,富及第 FRIGIDAIRE,富及第,,,,,,
L'EGERE 蘭吉兒,EGERE蘭吉兒,LEGERE 蘭吉兒,蘭吉兒l'egere,蘭吉兒 L'EGERE,,,,,,,
The Body Shop,美體小舖 thebodyshop,美體小舖 The Body Shop,The Body Shop 美體小舖,THE BODY SHOP,TheBodyShop,,,,,,
Revital 莉薇特麗,Revital,莉薇特麗revital,莉薇特麗,莉薇特麗 Revital,,,,,,,
Esense,逸盛esense,逸盛 Esense,酷涼 Esense,,,,,,,,
貝親,貝親 Pigeon,Pigeon 貝親,Pigeon,Pigeon貝親,貝親pigeon,,,,,,
技嘉gigabyte,GIGABYTE 技嘉,GIGABYTE,技嘉 GIGABYTE,,,,,,,,
GrandmotherAgafia,Grandmother Agafia 阿加菲亞老奶奶,阿加菲亞老奶奶grandmotheragafia,阿加菲亞老奶奶 Grandmother Agafia,Agafia,Agafia阿卡菲,,,,,,
LION Kirei-kirei 日本獅王趣淨,LION Kirei-kirei 日本獅王,日本獅王 趣淨 LION Kirei-kirei,,,,,,,,,
APIVITA 艾蜜塔,艾蜜塔 APIVITA,艾蜜塔apivita,APIVITA,,,,,,,,
薇姿vichy,薇姿 VICHY,VICHY薇姿,VICHY 薇姿,,,,,,,,
Greenvines 綠藤生機,綠藤生機greenvines,綠藤生機 Greenvines,綠藤生機,,,,,,,,
博寶兒probo,博寶兒 Probo,博寶兒Probo,Probo 博寶兒,,,,,,,,
Plantur,Plantur 21,Plantur 39,,,,,,,,,
Dr.藝群,Dr. 藝群,,,,,,,,,,
荷蘭公主princess,PRINCESS 荷蘭公主,荷蘭公主 PRINCESS,荷蘭公主,,,,,,,,
Pure Beauty,PURE BEAUTY,PureBeauty,Pink by Pure Beauty,,,,,,,,
范倫鐵諾valentinorudy,ValentinoRudy,范倫鐵諾 Valentino Rudy,Valentino Rudy 范倫鐵諾,,,,,,,,
蕾莉歐,蕾莉歐 L’ERBOLARIO,蕾莉歐l'erbolario,ERBOLARIO,L'ERBOLARIO 蕾莉歐,,,,,,,
Cooler,Cooler Master,Cooler Master 酷碼,Master,COOLER MASTER,酷碼 CoolerMaster,酷碼 Cooler Master,coolermaster,MASTER,,,
Pelican 沛麗康,沛麗康pelican,Pelican,沛麗康 Pelican,,,,,,,,
妮傲絲翠 NEO-TEC,妮傲絲翠neo-tec,NEO-TEC妮傲絲翠,NEO-TEC 妮傲絲翠,,,,,,,,
‎D-UP,D-UP,\u200eD-UP,,,,,,,,,
Revital 莉薇特麗,莉薇特麗 Revital,Revital,,,,,,,,,
爵士貓吧 BBUY,BBUY 爵士貓吧,爵士貓吧,爵士貓吧bbuy,,,,,,,,
FUSO Pets 福壽,福壽fusopets,福壽 FUSO,福壽 FUSO Pets,,,,,,,,
麗克特recolte,Recolte 麗克特,麗克特 récolte,麗克特 recolte,麗克特,,,,,,,
she's,She's,,,,,,,,,,
伊麗莎白雅頓elizabetharden,Elizabeth Arden 伊麗莎白雅頓,伊麗莎白雅頓,伊麗莎白雅頓 Elizabeth Arden,,,,,,,,
San Benedetto,聖碧濤 San Benedetto,San Benedetto 聖碧濤,,,,,,,,,
瑞威 Real nature,Real Power 瑞威,瑞威 Real Power,,,,,,,,,
蓓昂斯byphasse,BYPHASSE 蓓昂斯,蓓昂斯 BYPHASSE,,,,,,,,,
興波咖啡simplekaffa,興波咖啡,興波咖啡 Simple Kaffa,Simple Kaffa 興波咖啡,古吉,,,,,,,
德律風根,Telefunken 德律風根,德律風根 Telefunken,德律風根telefunken,,,,,,,,
澳佳寶 Blackmores,澳佳寶blackmores,Blackmores澳佳寶,Blackmores 澳佳寶,,,,,,,,
Dr. SKIN,布朗博士,布朗博士dr.bronner's,布朗博士 Dr. Bronner's,Dr. Bronner's 布朗博士,,,,,,,
LUCIDO 倫士度,倫士度lucido,倫士度 LUCIDO,,,,,,,,,
自然之綠 NATURAVERDE,自然之綠,NATURAVERDE 自然之綠,自然之綠naturaverde,,,,,,,,
JustHerb 香草集,香草集justherb,JustHerb,香草集 JustHerb,香草集,,,,,,,
StriVectin 皺效奇蹟,皺效奇蹟strivectin,皺效奇蹟 StriVectin,StriVectin,,,,,,,,
vt cosmetics X BT21,vt cosmetics,VT Cosmetics,,,,,,,,,
阿曼特 armonto,阿曼特 Armonto,阿曼特armonto,Armonto 阿曼特,,,,,,,,
詩波蜜柔 SUPER MILD,SUPER MILD 詩波蜜柔,SUPER MILD,,,,,,,,,
Starbucks,星巴克starbucks,星巴克 Starbucks,Starbucks 星巴克,星巴克,,,,,,,
朵璽 Dr.Douxi,朵璽dr.douxi,Dr.Douxi 朵璽,Dr.Douxi朵璽,,,,,,,,
台酒生技 TTL,台酒生技,台酒生技ttl,TTL 台酒生技,,,,,,,,
綠野鮮食Health Extension,綠野鮮食 Health Extension,Health Extension 綠野鮮食,綠野鮮食healthextension,,,,,,,,
Balea芭樂雅,芭樂雅balea,Balea 芭樂雅,芭樂雅 Balea,,,,,,,,
Disney 迪士尼,Disney,迪士尼 Disney,,,,,,,,,
THE FACE SHOP 菲詩小舖,THE FACE SHOP菲詩小舖,菲詩小舖thefaceshop,菲詩小舖 THE FACE SHOP,,,,,,,,
Miyoshi 家族石鹼,MIYOSHI,MIYOSHI 玉之肌,玉之肌 MIYOSHI,家族石鹼miyoshi,,,,,,,
諾格那logona,LOGONA 諾格那,諾格那 LOGONA,,,,,,,,,
自然癮食 ADDICTION,自然癮食addiction,自然癮食 Addiction,ADDICTION 自然癮食,,,,,,,,
好肌膚精華研究室bffect,BFFECT 好肌膚精華研究室,好肌膚精華研究室 BFFECT,BFFECT,,,,,,,,
InfoThink 訊想科技,鋼鐵人 InfoThink,infoThink,infothink,InfoThink,,,,,,,
德國百妮 BIONEO,德國百妮,BIONEO 德國百妮,德國百妮bioneo,,,,,,,,
維多利亞的秘密,維多利亞的秘密 Victoria's Secret,維多利亞的秘密victoria'ssecret,Victoria's Secret 維多利亞的秘密,,,,,,,,
royalunibrew,Royal Unibrew,royal unibrew,,,,,,,,,
Balzano,義大利balzano,義大利 Balzano,義大利Balzano,Balzano 義大利,,,,,,,
喜馬拉雅himalaya,喜馬拉雅 Himalaya,Himalaya 喜馬拉雅,,,,,,,,,
Iris Ohyama,Iris Ohyama 日本,日本Iris Ohyama,,,,,,,,,
Pet Village 魔法村,Pet village,魔法村 Pet Village,,,,,,,,,
Ivory Coat 澳克騎士,澳克騎士ivorycoat,澳克騎士 IVORY COAT,澳克騎士 Ivory Coat,,,,,,,,
科克蘭 Kirkland Signature,KirklandSignature,Kirkland Signature 科克蘭,科克蘭 kirklandsignature,科克蘭Kirkland,科克蘭 Kirkland,,,,,,
One amadana,ONE amadana,amadana,oneamadana,,,,,,,,
克奈圃,克奈圃 Kneipp,克奈圃kneipp,Kneipp 克奈圃,,,,,,,,
Joy Food 喜樂寵宴,喜樂寵宴 Joy Food,喜樂寵宴joyfood,喜樂寵宴JOY FOOD,,,,,,,,
伊夫‧黎雪 Yves Rocher,伊夫黎雪. yves rocher,伊夫黎雪 yves rocher,伊夫黎雪yves rocher,YVES Rocher,yves rocher,Yves Rocher 伊夫‧黎雪,,,,,
R.O.C.S.,R.O.C.S,r.o.c.s,,,,,,,,,
Furimori 富力森,富力森 Furimori,富力森 furimori,富力森,富力森 FURIMORI,,,,,,,
VANICREAM 薇霓肌本,Vanicream 薇霓肌本,薇霓肌本vanicream,薇霓肌本 Vanicream,薇霓肌本 VANICREAM,,,,,,,
默契mumchit,Mumchit 默契,默契 Mumchit,MUMCHIT默契,MUMCHIT,,,,,,,
茶籽堂chatzutang,茶籽堂 cha tzu tang,Chatzutang 茶籽堂,cha tzu tang 茶籽堂,,,,,,,,
O'Keeffe's 歐肌膚,歐肌膚 O’Keeffe’s,歐肌膚o'keeffe's,O’Keeffe’s 歐肌膚,,,,,,,,
派翠 Pezri,Pezri 派翠,派翠pezri,PEZRI派翠,PEZRI 派翠,,,,,,,
菲特研FIRST LAB,菲特研firstlab,First lab 菲特研,菲特研 FIRST LAB,菲特研 First lab,,,,,,,
蜜葳特 Melvita,蜜葳特melvita,Melvita 蜜葳特,,,,,,,,,
佐登妮絲,JOURDENESS 佐登妮絲,Jourdeness 佐登妮絲,佐登妮絲jourdeness,佐登妮絲 Jourdeness,,,,,,,
小蜜蜂爺爺burt'sbees,BURT'S BEES 小蜜蜂爺爺,Burt's Bees,Burt's Bees 小蜜蜂爺爺,小蜜蜂爺爺 Burt's Bees,,,,,,,
伊思 It's Skin,It's skin,It's Skin 伊思,伊思it'sskin,伊思It's Skin,,,,,,,
未來實驗室 FUTURE LAB,未來實驗室 Future Lab.,Future Lab 未來實驗室,Future lab 未來實驗室,未來實驗室futurelab.,,,,,,,
Giaretti 珈樂堤,義大利Giaretti,珈樂堤 Giaretti,,,,,,,,,
全球寵物 GLOBAL PETS,全球寵物globalpets,全球寵物,全球寵物 Global pets,Global pets 全球寵物,,,,,,,
伊瑪imarflex,伊瑪 Imarflex,伊瑪 imarflex,Imarflex 伊瑪,,,,,,,,
日象,日象zushiang,Zushiang 日象,日象 Zushiang,日象 zushiang,,,,,,,
Babe 貝貝實驗室,貝貝實驗室 Babe,BABE 貝貝實驗室,貝貝實驗室babe,貝貝實驗室,,,,,,,
贏in-plus,贏 IN-Plus,IN-Plus 贏,贏 IN-PLUS,,,,,,,,
Green Finger,綠手指greenfinger,Green Finger 綠手指,綠手指 Green Finger,,,,,,,,
詩芙儂sofnon,詩芙儂 Sofnon,Sofnon 詩芙儂,,,,,,,,,
Les nez 香鼻子,Les nez,香鼻子lesnez,香鼻子 Les nez,,,,,,,,
朵蔓朵蓮dormindorcin,朵蔓朵蓮 Dormindorcin,Dormindorcin 朵蔓朵蓮,朵蔓朵蓮,,,,,,,,
柳屋 Yanagiya,柳屋yanagiya,Yanagiya 柳屋,柳屋 YANAGIYA,YANAGIYA 柳屋,,,,,,,
皇家特莉 Tilley,皇家特莉tilley,Tilley 皇家特莉,Tilley 百年特莉,,,,,,,,
艾克博士 Dr. Aik,Dr. Aik 艾克博士,艾克博士dr.aik,艾克博士,,,,,,,,
MAYCHEER,美茜兒maycheer,Maycheer 美茜兒,美茜兒 Maycheer,MAYCHEER 美茜兒,,,,,,,
倍思特 Best,Best 倍思特,倍思特 BEST,,,,,,,,,
Alkmene 歐坷蔓,alkmene 歐坷蔓,歐坷蔓 alkmene,歐坷蔓alkmene,,,,,,,,
Wellness,wellness+,盛燦男士 wellness+,wellness+ 盛燦男士,盛燦男士wellness+,Wellness+ 盛燦男士,,,,,,
丰靡美姬espriqueprecious,ESPRIQUE PRECIOUS 丰靡美姬,丰靡美姬 Esprique precious,Esprique precious 丰靡美姬,ESPRIQUE PRECIOUS丰靡美姬,,,,,,,
John Masters Organics,john masters organics,johnmastersorganics,,,,,,,,,
娜奧 NOW,娜奧NOW,NOW娜奧,娜奧now,NOW 娜奧,Now 娜奧,,,,,,
Panrose 潘柔,PANROSE 潘柔,潘柔 PANROSE,潘柔panrose,潘柔 Panrose,,,,,,,
德國世家 Dr. Hauschka,德國世家dr.hauschka,Dr. Hauschka 德國世家,,,,,,,,,
G+居家,居家 G+,居家,G+ 居家,,,,,,,,
卡汶克萊,卡汶克萊carvinkolai,CARVIN KOLAI 卡汶克萊,CK N-95,卡汶克萊 Carvin kolai,Carvin kolai 卡汶克萊,,,,,,
聖克萊爾st.clare,聖克萊爾 StClare,StClare 聖克萊爾,St.Clare 聖克萊爾,,,,,,,,
be quiet,bequiet,Be quiet,,,,,,,,,
澳思萊auslife,澳思萊 AUS LIFE,澳思萊 Aus life,AUS LIFE 澳思萊,Aus life 澳思萊,,,,,,,
薰衣草森林 Lavender Cottage,Lavender cottage 薰衣草森,薰衣草森林,Lavender Cottage 薰衣草森林,薰衣草森林lavendercottage,,,,,,,
Jonzac 森朵恩泉,森朵恩泉jonzac,Jonzac,森朵恩泉 Jonzac,,,,,,,,
美泰克 Maytag,美泰克 MAYTAG,Maytag 美泰克,美泰克 maytag,,,,,,,,
CORSICA 科皙佳,科皙佳corsica,科皙佳 Corsica,CORSICA,Corsica 科皙佳,,,,,,,
山司伯特 SAN sports,山司伯特 SAN SPORTS,山司伯特sansports,SAN sports 山司伯特,,,,,,,,
珂瑪德 gamarde,珂瑪德 GamARde,GamARde 珂瑪德,,,,,,,,,
麗柏有機 Neobio,麗柏有機neobio,Neobio 麗柏有機,,,,,,,,,
21plus,21Plus,21世紀,,,,,,,,,
一家人ourfamily,一家人 OUR FAMILY,一家人,,,,,,,,,
九陽joyoung,九陽,九陽 Joyoung,九陽 JOYOUNG,,,,,,,,
八甲田wadakan,WADAKAN,八甲田,,,,,,,,,
三多sentosa,三多,三多 SENTOSA,,,,,,,,,
三得利suntory,Suntory 三得利,三得利,三得利 SUNTORY,,,,,,,,
三菱電機mitsubishi,三菱,三菱 MITSUBISHI,三菱 Mitsubishi,三菱電機,,,,,,,
三詩達sunstar,三詩達,三詩達 SUNSTAR,,,,,,,,,
上豪sunhow,上豪 SUNHOW,上豪,,,,,,,,,
大河taiga,大河 TAIGA,大河,,,,,,,,,
大研生醫,大研,大研生醫,,,,,,,,,
大潤發,大拇指 FP,大拇指,大潤發,,,,,,,,
小米xiaomi,小米 xiaomi,小米,米家,,,,,,,,
小獅王辛巴,小獅王辛巴,小獅王,,,,,,,,,
小綠人gtech,小綠 Gtech,小綠人,,,,,,,,,
小澤kozawa,小澤 Kozawa,小澤,,,,,,,,,
山水sansui,山水,山水 SANSUI,,,,,,,,,
山加利sangaria,山加利 Sangaria,SANGARIA,,,,,,,,,
山多力sdl,山多力 SDL,山多力,,,,,,,,,
山崎yamasaki,山崎 YAMASAKI,山崎,,,,,,,,,
丹麥德瑪derma,Derma 丹麥德瑪,Derma,丹麥德瑪 Derma,,,,,,,,
元山牌,元山牌,元山,,,,,,,,,
巴黎香氛parisfragrance,Paris Fashion 巴黎香氛,Paris fragrance 巴黎香氛,,,,,,,,,
日本樂敦rohto,ROHTO 日本樂敦,ROHTO 樂敦,,,,,,,,,
日本toffy,Toffy,日本Toffy,,,,,,,,,
日虹,日虹,日虹牌,,,,,,,,,
日清,日清,日清 NISSIN,,,,,,,,,
比利時凱瑞克kalorik,凱瑞克 KALORIK,比利時凱瑞克,,,,,,,,,
比菲多,比菲多質立,比菲多優意思,比菲多,比菲多乳之初,,,,,,,
片岡,片岡,MON,,,,,,,,,
牛乳石鹼,牛乳石鹼,SkinLife,,,,,,,,,
牛爾親研naruko,NARUKO 牛爾親研,牛爾,,,,,,,,,
卡夫亨氏,麥斯威爾 Maxwell,卡夫亨氏,,,,,,,,,
卡氛kafen,卡氛 KAFEN,卡氛,,,,,,,,,
卡薩咖啡casa,卡薩 Casa,卡薩咖啡,CASA,,,,,,,,
古寶無患子,古寶,古寶無患子,,,,,,,,,
可瑞絲kerasys,可瑞絲 KERASYS,Derma&More,,,,,,,,,
台農,台農,台農燕巢,台農崙背,台農鮮乳廠,,,,,,,
台鹽生技,台鹽生技,台鹽,台塩,臺鹽,,,,,,,
台灣啤酒,台灣啤酒,台啤,,,,,,,,,
四季seasons,四季,四季 Seasons,,,,,,,,,
正負零,正負零±0,正負零,,,,,,,,,
永信 hac,永信 HAC,永信藥品,永信,,,,,,,,
生態綠okogreen,生態綠 okogreen,生態綠,,,,,,,,,
白雪snowwhite,Snow White 白雪,白雪,,,,,,,,,
禾聯heran,禾聯,禾聯 HERAN,,,,,,,,,
伊的 hito,Hito,Hito 伊的,,,,,,,,,
伊莉亞ellia,伊莉亞 ELLIA,ELLIA 伊莉亞,,,,,,,,,
伊聖詩,ESCENTS 伊聖詩,伊聖詩,伊聖詩 cosmescents,,,,,,,,
伊德爾el,伊德爾,EL伊德爾,,,,,,,,,
伊薩娜isana,ISANA 伊薩娜,ISANA,,,,,,,,,
伊藤園itoen,伊藤園,伊藤園 Ito EN,,,,,,,,,
吉妮斯gennis,吉妮斯,吉尼斯 Gennis,,,,,,,,,
后whoo,WHOO 后,Whoo 后,,,,,,,,,
多芬dove,Dove 多芬,多芬 Dove,多芬,,,,,,,,
多納滋naturalpie,多納,多納滋 Natural Pie,,,,,,,,,
多喝水,More,多喝水,,,,,,,,,
百喬,百喬生醫,百喬,,,,,,,,,
米膚reise,Reise米膚,米膚 Reise,,,,,,,,,
艾肯aiken,Aiken 艾肯,艾肯,艾肯 aiken,Aiken,,,,,,,
艾美特airmate,艾美特,艾美特 AIRMATE,,,,,,,,,
艾惟諾aveeno,Aveeno 艾惟諾,艾惟諾,,,,,,,,,
艾詩緹astalift,ENCHANTEUR 艾詩,艾詩,ASTALIFT 艾詩緹,,,,,,,,
艾黎亞anriea,艾黎亞 ANRIEA,艾黎亞,,,,,,,,,
西雅圖barista,西雅圖,西雅圖 BARISTA,,,,,,,,,
伯朗咖啡,伯朗咖啡,伯朗,,,,,,,,,
克寧klim,克寧,克寧 KLIM,,,,,,,,,
初鹿鮮乳,初鹿牧場,初鹿,初鹿鮮乳,初鹿鮮乳,台東初鹿,,,,,,
利百代liberty,利百代 LIBERTY,利百代,,,,,,,,,
努特nuit,NUIT 努特,努特 NUIT,,,,,,,,,
吟麗dydo,DYDO 吟麗,DYDO,,,,,,,,,
宏碁acer,宏碁 Acer,Acer 宏碁,,,,,,,,,
每朝健康,每朝健康,每朝,,,,,,,,,
汰漬tide,汰漬 Tide,汰漬 TIDE,TIDE,Tide,,,,,,,
沙宣vs,沙宣 VS,沙宣,,,,,,,,,
沛特斯petalfresh,沛特斯,PETAL FRESH 沛特斯,,,,,,,,,
沛綠雅perrier,沛綠雅,沛綠雅 Perrier,,,,,,,,,
貝恩baan,Baan 貝恩,Baan,貝恩,,,,,,,,
味王,味王,味王麵,,,,,,,,,
味全,味全林鳳營,味全,味全簡單點,味全萬丹,,,,,,,
味味,味味一品,味味A,味味麵,,,,,,,,
和成hcg,HCG 和成,和成,,,,,,,,,
咖樂迪咖啡農場,咖樂迪咖啡農場,咖樂迪,,,,,,,,,
奇拉朵kiladoll,KilaDoll 奇拉朵,奇拉 Keyra,,,,,,,,,
奇哥chicabon,奇哥 CHIC A BON,奇哥,,,,,,,,,
奇異廚房kiwikitchens,奇異,奇異廚房 Kiwi Kitchens,,,,,,,,,
妮維雅nivea,妮維雅 NIVEA,Nivea 妮維雅,NIVEA 妮維雅,,,,,,,,
岡本,岡本,哈妮來,,,,,,,,,
拉美拉lameila,拉美拉 LA MEI LA,Lameila 拉美拉,,,,,,,,,
東元teco,東元 TECO,東元,,,,,,,,,
東邦utamaro,東邦 UTAMARO,東邦,,,,,,,,,
東芝toshiba,東芝 TOSHIBA,東芝,,,,,,,,,
松井songen,松井 SONGEN,松井,,,,,,,,,
松木家電matric,松木家電 MATRIC,松木,,,,,,,,,
林內,林內牌,林內,,,,,,,,,
法國najel,Najel,法國Najel,,,,,,,,,
法緻 fees,Fees,法緻 Fees,Fees 法緻,,,,,,,,
波力poli,波力,波力 POLI,,,,,,,,,
直覺sweettouch,直覺,直覺 sweet touch,,,,,,,,,
肯尼士kennex,肯尼士,肯尼士 KENNEX,,,,,,,,,
肯夢aveda,AVEDA,AVEDA 肯夢,,,,,,,,,
芙絲voss,芙絲 VOSS,芙絲,,,,,,,,,
花王kao,花王,花王 Kao,Kao 花王,花王kao,,,,,,,
芳珂fancl,FANCL 芳珂,FANCL,,,,,,,,,
虎牌tiger,虎牌,虎牌 TIGER,,,,,,,,,
采緹tsaeti,采緹,Tsae Ti 采緹,,,,,,,,,
長庚,長庚生技,長庚,,,,,,,,,
信東生技,信東,信東生技,益暢優 yourla,,,,,,,,
威德weider,威德 Weider,威德,,,,,,,,,
威寶kaiser,威寶 Kaiser,威寶,,,,,,,,,
屏大,屏大,屏科大,,,,,,,,,
活力廚房,活力廚坊,活力廚房,,,,,,,,,
珂莉奧 clio,Clio 珂莉奧,CLIO 珂莉奧,,,,,,,,,
珂潤curel,Curel 珂潤,珂潤,珂潤 Curel,Cure,,,,,,,
皇冠crown,皇冠 CROWN,皇冠 Nutra Tech,皇冠,,,,,,,,
紅牛redbull,紅牛 Red Bull,紅牛,,,,,,,,,
紅印,紅印,紐西蘭紅印 Red Seal,,,,,,,,,
美國oster,Oster,美國Oster,OSTER,,,,,,,,
美寧mistral,美寧 Mistral,美寧,,,,,,,,,
美樂思mediplus,美樂,Mediplus 美樂思,,,,,,,,,
美膳雅cuisinart,美膳雅 Cuisinart,美膳雅,,,,,,,,,
英倫薇朵 H＆W,英倫薇朵 H＆W,H＆W,,,,,,,,,
茉娜姿moraz,茉娜姿 moraz,茉娜姿,,,,,,,,,
迪奧dior,Dior 迪奧,迪奧 Dior,DIOR,,,,,,,,
倍力bluebay,倍力 BLUEBAY,倍力 Blue Bay,,,,,,,,,
倍麗兒perioe,倍麗兒,倍麗兒 PERIOE,,,,,,,,,
夏普sharp,夏普 SHARP,夏普,夏普 Sharp,,,,,,,,
娜艾菩naive,娜艾菩naive,naive 娜艾菩,,,,,,,,,
家樂福,家福,家福 Carrefour,家樂福,,,,,,,,
悅氏,悅氏,悅氏茶品,,,,,,,,,
海爾haier,海爾,海爾 Haier,海爾 HAIER,,,,,,,,
海德head,HEAD 海德,海德 HEAD,,,,,,,,,
烘焙客 Oven Baked,烘焙客 Oven Baked,Oven-Baked,,,,,,,,,
特力屋hola,特力屋 HOLA,特力屋,,,,,,,,,
益瑞昇,益瑞昇,愛瑞雅,,,,,,,,,
純戀pure,PURE純戀,純戀 PURE,,,,,,,,,
索尼 SONY,索尼 SONY,SONY,,,,,,,,,
健康主義ghr,GHR,GHR健康主義,,,,,,,,,
唯潔 whimzees,唯潔雅,唯潔 WHIMZEES,,,,,,,,,
培寶bab,bab 培寶,培寶,,,,,,,,,
專科senka,專科,SENKA 專科,,,,,,,,,
康朵qundo,QUNDO 康朵,康朵,,,,,,,,,
康貝combi,康貝,Combi 康貝,康貝 Combi,COMBI,,,,,,,
康是美自有品牌ms.cosmed,康是美,康是美自有品牌,Ms.COSMED,,,,,,,,
得意人生,得意,得意人生,,,,,,,,,
御衣坊akira,御衣坊 Akira,御衣坊,Akira御衣坊,AK,,,,,,,
御皇居royal,御皇居 ROYAL,御皇居,,,,,,,,,
御茶園,御茶園,每朝健康,,,,,,,,,
清妍simple,Simple Life,Simple 清妍,,,,,,,,,
理想perfect,理想 PERFECT,理想 Perfect,,,,,,,,,
荷柏園herbox,Herbox 荷柏園,荷柏園,HERBOX 荷柏園,,,,,,,,
莎特satter,莎特Satter,莎特 SATTER,,,,,,,,,
莫凡彼movenpick,莫凡彼,莫凡彼 MOVENPICK,,,,,,,,,
野宴livin'wild,野宴 Livin Wild,野宴 LIVIN’ WILD,,,,,,,,,
雀巢nestle,雀巢,雀巢 Nestle,,,,,,,,,
凱婷kate,凱婷 kate,KATE 凱婷,KATE TOKYO 凱婷,,,,,,,,
凱夢dreamtrend,凱夢 Dream Trend,DREAM TREND 凱夢,,,,,,,,,
博朗氏balance,博朗氏,博朗氏 Balance,,,,,,,,,
喜蜜heme,heme 喜蜜,heme,,,,,,,,,
喵洽普plancat,喵洽普,喵洽普 PLAN CAT,,,,,,,,,
堤瑪露timaru,TIMARU 堤瑪露,Timaru 堤瑪露,,,,,,,,,
媞爾妮 deary,Deary,Deary 媞爾妮,媞爾妮 Deary,,,,,,,,
富士,富士通FUJITSU,富士通,富士,富士電通 Fujitek,,,,,,,
惠普hp,惠普 HP,HP 惠普,,,,,,,,,
朝日,朝日,ASAHI 朝日,Asahi,,,,,,,,
森田藥粧,森田藥粧,DR.JOU 達特周,,,,,,,,,
植享家bonniehouse,Bonnie House 植享家,植享家,,,,,,,,,
渴望orijen,渴望 ORIJEN,渴望 Orijen,,,,,,,,,
湛盧咖啡,湛盧咖啡,湛盧,,,,,,,,,
犀牛rhino,犀牛 Rhino,RHINO 犀牛,,,,,,,,,
猋pure,猋 Pure,猋,PURE,,,,,,,,
琺頌 FASUN,琺頌 FASUN,FASUN,,,,,,,,,
統一,統一,統一蜜豆奶,統一生機,統一水果牛乳,,,,,,,
統一LP33,統一LP33,LP33,,,,,,,,,
統欣生技,統欣生技,統欣生物科技,,,,,,,,,
絲凱露angfascalp-dbeauteangfad,ANGFA 絲凱露,ANGFA SCALP-D Beaute ANGFA 絲凱露D,ANGFA,,,,,,,,
絲蘊syoss,絲蘊 Syoss,syoss 絲蘊,,,,,,,,,
舒味思schweppes,舒味思 Schweppes,舒味思,,,,,,,,,
舒特膚cetaphil,Cetaphil 舒特膚,舒特膚,,,,,,,,,
菇王食品,菇王食品,菇王,,,,,,,,,
華陀扶元堂,華陀,華陀扶元堂,,,,,,,,,
象印zojirushi,象印,象印 Zojirushi,象印 ZOJIRUSHI,,,,,,,,
雅聞倍優arwin,雅聞 ARWIN,雅聞倍優,,,,,,,,,
黑人牙膏,黑人,黑人牙膏,,,,,,,,,
黑松heysong,黑松 HeySong,黑松,,,,,,,,,
微星科技msi,微星 MSI,微星科技 MSI,msi 微星,,,,,,,,
愛力根,愛力,愛力根,,,,,,,,,
愛恩富anf,愛恩富 ANF,愛恩富,,,,,,,,,
愛華aiwa,愛華,愛華 aiwa,,,,,,,,,
愛爾,愛爾康,愛爾曼,愛爾,,,,,,,,
愛維他lovita,愛維他,Lovita愛維他,,,,,,,,,
新生活純鮮乳品,新生,新生活純鮮乳品,,,,,,,,,
新普利simply,新普利 Simply,新普利,,,,,,,,,
極淨,極淨適,極淨,,,,,,,,,
萬代bandai,BANDAI,bandai,,,,,,,,,
萬能媽媽wonder,旺德 WONDER,旺德 Wonder,萬能媽媽 WONDER MAMA,,,,,,,,
義美,義美,義美生醫,,,,,,,,,
聖萊西seeds,惜時 SEEDS,聖萊西 Seeds,,,,,,,,,
聖羅蘭ysl,YSL 聖羅蘭,YSL 伊夫·聖羅蘭,,,,,,,,,
葉璐芝yr,YR,葉璐芝,,,,,,,,,
蒂沐蝶 TIMOTEI,蒂沐蝶 TIMOTEI,Timotei,,,,,,,,,
農會,農會牌,農會,,,,,,,,,
歌林kolin,歌林 kolin,歌林 KOLIN,歌林,歌林 Kolin,,,,,,,
熊野,熊野,PharmaACT,,,,,,,,,
熊寶貝snuggle,熊寶貝 SNUGGLE,熊寶貝,,,,,,,,,
瑪宣妮macherie,瑪宣妮,瑪宣妮 MACHERIE,,,,,,,,,
瑰柏翠crabtree&evelyn,Crabtree＆Evelyn 瑰柏翠,CRABTREE 瑰柏翠,瑰柏翠,,,,,,,,
福樂,福樂頂級優酪,福樂鮮攪,福樂自然零,福樂低脂優酪,福樂,福樂一番鮮,自然零,,,,
綠的green,GREEN 綠的,綠的 GREEN,綠的,綠的Green,green,,,,,,
維他盒子vitabox,Vitabox,維他盒子,,,,,,,,,
維他露p,維他露P,維他露,,,,,,,,,
赫蓮娜helenarubinstein,Helena Rubinstein 赫蓮娜,HR 赫蓮娜,,,,,,,,,
齊葉雅ziaja,Ziaja 齊葉雅,ZIAJA,,,,,,,,,
德妍思dms,DMS 德妍思,德妍思,,,,,,,,,
德記洋行taittea,德記,德記洋行 TAIT TEA,,,,,,,,,
德國雙人 Zwilling,德國雙人 Zwilling,班樂尼 Ballarini,,,,,,,,,
摩斯漢堡mos,摩斯,摩斯漢堡 MOS,,,,,,,,,
摩爾思mores,摩爾思 mores,摩爾思,,,,,,,,,
數位新貴digiking,數位新貴 DigiKing,數位,,,,,,,,,
樂天lotte,樂天,樂天 Lotte,樂天 LOTTE,Lotte樂天,Lotte,,,,,,
樂米larmi,樂米亞,樂米 LARMI,,,,,,,,,
樂金lg,樂金 LG,樂金,LG,,,,,,,,
歐芮坦orita,歐芮坦,歐芮坦ORITA,,,,,,,,,
歐客佬oklao,歐客佬 OKLAO,歐客佬,,,,,,,,,
歐斯恩oceanique,歐斯恩,歐斯恩 Oceanique,,,,,,,,,
歐萊德o'right,歐萊德 Oright,歐萊德,O'right 歐萊德,,,,,,,,
潔芬jiefen,潔芬 Jie Fen,潔芬,,,,,,,,,
澎澎ponponmanman,PON PON MAN 澎澎Man,澎澎,,,,,,,,,
膚蕊freshel,Freshel 膚蕊,FRESHEL 膚蕊,,,,,,,,,
蔻蘿蘭klorane,蔻蘿蘭 klorane,蔻蘿蘭,,,,,,,,,
黎可詩nuxe,NUXE 巴黎歐樹,NUXE 黎可詩,,,,,,,,,
澤井,澤井,澤井咖啡,,,,,,,,,
澳潔蕬ausganica,澳潔蕬,澳潔蕬 Ausganica,,,,,,,,,
璞草園grange,璞草園,璞草園 GRANGE,,,,,,,,,
璞莉可boutique,璞莉可,BOUTIQUE 璞莉可,,,,,,,,,
貓戀人honeycat,貓戀人,貓戀人 HONEY CAT,,,,,,,,,
優生usbaby,優生,優生 US baby,,,,,,,,,
優柏eupa,優柏 EUPA,優柏,,,,,,,,,
優活,優活力,優活,,,,,,,,,
戴森dyson,戴森 DYSON,戴森 Dyson,Dyson,,,,,,,,
戴爾dell,DELL 戴爾,戴爾Dell,,,,,,,,,
聯碩lenso,聯碩,聯碩 LENSO,,,,,,,,,
聲寶sampo,聲寶 Sampo,聲寶,聲寶 SAMPO,,,,,,,,
薇達wedar,WEDAR,薇達,,,,,,,,,
鍋寶cookpower,鍋寶 CookPower,鍋寶,,,,,,,,,
韓波俐hanboly,韓波俐,韓波俐 Hanboly,,,,,,,,,
韓國2080,韓國2080,2080.0,,,,,,,,,
韓國歐紳osner,韓國 LACTO,韓國 CJ,韓國422Inc,韓國不倒翁,韓國歐紳 OSNER,,,,,,
曜越luna,曜越 Luna,曜越 Tt eSPORTS,,,,,,,,,
藍帶廚坊lvprimeblue,藍帶 LV PRIMEBLUE,LCB藍帶廚坊,,,,,,,,,
藍寶blaupunkt,藍寶 BLAUPUNKT,藍寶,,,,,,,,,
馥蕾詩fresh,Fresh 馥蕾詩,Fresh Line,,,,,,,,,
魏大夫vf,魏大夫 VF,VF魏大夫,,,,,,,,,
寵愛物語petstory,寵愛物語,寵愛物語 pet story,,,,,,,,,
羅密歐,羅蜜歐 Romeo,微繫時光 Romeo L.,羅密歐 ROMEO,羅密歐,羅蜜歐 Romel L,,,,,,
麗仕lux,麗仕,麗仕 LUX,,,,,,,,,
麗奇reach,麗奇 REACH,麗奇,,,,,,,,,
麗美盛,麗美盛,麗美,,,,,,,,,
寶多福petlife,寶多福,統一寶多福 Petlife,,,,,,,,,
寶絲汀psk,PSK 寶絲汀,PSK 深海美肌專家,,,,,,,,,
寶僑ariel,寶僑,Ariel,,,,,,,,,
蘇菲娜sofina,蘇菲,SOFINA 蘇菲娜,,,,,,,,,
蘭韻lalune,la lune 蘭韻,蘭韻,,,,,,,,,
露遊treewalker,露遊 Treewalker,Tree Walker,TREEWALKER,,,,,,,,
ahc,AHC,A.H.C,,,,,,,,,
allegrini,ALLEGRINI,Allegrini,,,,,,,,,
amino,Amino Mason,Amino,,,,,,,,,
apieu,Apieu,A'PIEU,,,,,,,,,
aprilskin,APRILSKIN,Aprilskin,,,,,,,,,
arctic,Arcticpet,ARCTIC,,,,,,,,,
aroma,Aroma zone,Aroma,,,,,,,,,
astar,A Star,A-Star bones,,,,,,,,,
bhk's,BHK’s,BHK's,,,,,,,,,
bone,BONE,BonePlus,,,,,,,,,
bowwow,Bowwow,BowWow,,,,,,,,,
catfeet,CatFeet,CATFEET,,,,,,,,,
cheers,cheers,CheersJelly,,,,,,,,,
chicco,chicco,Chicco,CHICCO,,,,,,,,
clover,CLOVER,Clover,,,,,,,,,
combo,Combo,COMBO,,,,,,,,,
converse,Converse,CONVERSE,,,,,,,,,
corona,Corona,CORONA,,,,,,,,,
domo,DOMO,Domo,,,,,,,,,
ecostore,ECOS,ecostore,,,,,,,,,
ELECOM,ELECOM,ECLEAR,,,,,,,,,
etudehouse,ETUDE HOUSE,Etude House,ETUDE奧斯卡,,,,,,,,
ezlife,e.l.f.,EZlife,,,,,,,,,
farlin,FARLIN,Farlin,,,,,,,,,
farmstay,FARM STAY,Farm stay,,,,,,,,,
go!,Go!,GO!,,,,,,,,,
honeysuckle,honey,HONEYSUCKLE,,,,,,,,,
jomalone,Jo Malone,JO MALONE,,,,,,,,,
kirin,Kirin,KIRIN,,,,,,,,,
lestar,lestar,Lestar,,,,,,,,,
loshi,loshi,Loshi,,,,,,,,,
lotus,LOTUS,Lotus,,,,,,,,,
lucky,Lucky,LUCKY,,,,,,,,,
lumina,Lumina 露蜜,Lumina beauty care,,,,,,,,,
magicom,MAGICOM,Magicom,,,,,,,,,
mama,MAMA,MAMA BUTTER,mamalove,,,,,,,,
mandom,Mandom Beauty,MANDOM,,,,,,,,,
MISSHA,MISSHA,MISSHAN 韓秀姬,,,,,,,,,
mod'shair,mod’s hair,mod's hair,,,,,,,,,
NAC NAC,NAC NAC,nacnac,,,,,,,,,
naturalbalance,Natural balance,Natural Balance,,,,,,,,,
NICKA. K 妮卡,NICKA. K 妮卡,Nicka.K,,,,,,,,,
nor.,NOR.,North Field,,,,,,,,,
nuby,NUBY,Nuby,,,,,,,,,
pascual,Pascual,PASCUAL,,,,,,,,,
petio,PETIO,Petio,,,,,,,,,
pola,Polarstar,POLA,,,,,,,,,
pony,PONY,PONY MEMEBOX,,,,,,,,,
saraya,SARAYA,saraya,,,,,,,,,
she’s,She,,,,,,,,,,
sogood,So Good,SO GOOD,,,,,,,,,
sparkeau,SPARKEAU,Sparkeau,,,,,,,,,
sukin,Sukin,sukin,,,,,,,,,
Swissvita 薇佳,Swissvita 薇佳,S.W. Basics,,,,,,,,,
THOMSON,THOMSON,湯姆盛,,,,,,,,,
UNNY CLUB,UNNY CLUB,IM UNNY,,,,,,,,,
viseeavant,VISEE,Visée AVANT,,,,,,,,,
vita,vita,VITA,,,,,,,,,
vv,VV,Viridis virus,美聯社,元氣,,,,,,,
yvonnecollection,Yvonne Collection,yvonne collection,,,,,,,,,
za,Za,ZA,,,,,,,,,
