LCS/Standard,最後確認品牌,,,,,,,,
SmartHeart 慧心貓糧 ,慧心 SmartHeart,慧心 SmartHeart,慧心貓糧 SmartHeart,SmartHeart,,,,,
巴黎萊雅 L'oreal Paris,巴黎萊雅 L'oreal Paris,L'Oréal Paris 巴黎萊雅,巴黎萊雅 L'OREAL PARIS,巴黎萊雅,,,,,
CeraVe 適樂膚  ,適樂膚 CeraVe,CeraVe適樂膚,CeraVe 適樂膚,,,,CeraVe,CeraVe適樂膚,CeraVe 適樂膚
瑪恩吉 Monge,瑪恩吉 MONGE,瑪恩吉 MONGE,瑪恩吉 Monge,,,,,,
adidas,愛迪達 adidas,愛迪達 adidas,adidas 愛迪達,adidas,,,,,
MENTHOLATUM,曼秀雷敦 MENTHOLATUM,MENTHOLATUM 曼秀雷敦,曼秀雷敦 MENTHOLATUM,,,,,,
Panasonic 國際牌        ,國際牌 panasonic        ,國際牌 panasonic        ,國際牌 PANASONIC       , 國際牌 Panasonic        ,Panasonic        ,國際牌 panasonic,,,
Cellina,雪芙蘭 Cellina,雪芙蘭 Cellina,Cellina 雪芙蘭,,,,,,
Bioré,蜜妮 Bioré,MEN'S Bioré,Bioré,蜜妮 Bioré,,,,,
LION獅王,獅王 LION,LION獅王,LION 獅王,,,,,,
KISSME,奇士美 KISSME,KISSME 奇士美,KISSME,,,,,,
特福Tefal,特福 Tefal,特福 Tefal,法國特福 Tefal,,,,,,
KOSE高絲,高絲 KOSE,KOSE 高絲-專櫃,KOSE 高絲,,,,,,
ME蘭蔻,蘭蔻 LANCOME,LANCOME 蘭蔻,LANCÔME 蘭蔻,,,,,,
理膚寶水,理膚寶水 LA ROCHE POSAY,LA ROCHE POSAY 理膚寶水,理膚寶水,,,,,,
統一瑞穗,統一瑞穗,統一瑞穗,,,,,,,
飛利浦P,飛利浦 Philips,飛利浦 Philips,飛利浦 PHILIPS,,,,,,
SHISEIDO,資生堂 SHISEIDO,資生堂 SHISEIDO,SHISEIDO 資生堂,SHISEIDO 資生堂東京櫃,SHISEIDO MEN,SHISEIDO 資生堂國際櫃,,,
huuemura,植村秀 Shu uemura,shu uemura 植村秀,植村秀 shu uemura,植村秀 Shu uemura,,,,,
無印良品,無印良品 MUJI,無印良品 MUJI,無印良品,MUJI 無印良品,,,,,
ITACHI,日立 HITACHI,日立 HITACHI,日立 ITACHI,,,,,,
獅王LION,獅王 LION,獅王 LION,獅王LION,,,,,,
L'OCCITANE,歐舒丹 L'OCCITANE,歐舒丹 L'OCCITANE,L'OCCITANE 歐舒丹,,,,,,
台塑生醫,台塑生醫 Dr's Formula,台塑生醫Dr's Formula,台塑生醫,台塑生醫FORTE,台塑生醫 醫之方,台塑生醫 Dr’s Formula,Dr's Formula 台塑生醫,Dr‘s Formula,
統一AB,統一AB,統一 AB,統一AB,,,,,,
ne雅漾,雅漾 Avène,Avène 雅漾,Avene 雅漾,,,,,,
石頭科技,石頭科技 Roborock,石頭科技 Roborock,石頭科技,,,,,,
貝膚黛瑪,貝膚黛瑪 Bioderma,Bioderma 貝膚黛瑪,BIODERMA 貝膚黛瑪,,,,,,
Sebamed,施巴 Sebamed,施巴Sebamed,Sebamed 施巴,施巴 Sebamed,,,,,
Kanebo佳麗寶,佳麗寶 Kanebo,Kanebo 佳麗寶,Kanebo 佳麗寶-開架式,,,,,,
HydroBalance,水平衡 Hydro Balance,水平衡 Hydro Balance,Hydro Balance 水平衡,,,,,,
MIZUNO,美津農 MIZUNO,美津農 MIZUNO,美津濃 MIZUNO,,,,,,
艾瑪花園,艾瑪花園 Amma garden,艾瑪花園,Amma Garden 艾瑪花園,艾瑪花園 Amma garden,,,,,
Persil,寶瀅Persil,寶瀅Persil,Persil,,,,,,
上山採藥,上山採藥 tsaio,tsaio 上山採藥,上山採藥,上山採藥 tsaio,,,,,
伊萊克斯,伊萊克斯 Electrolux,伊萊克斯,伊萊克斯 Electrolux,,,,,,
ARMANI亞曼尼,亞曼尼 ARMANI,GIORGIO ARMANI 亞曼尼,ARMANI 亞曼尼,GIORGIO ARMANI,,,,,
優格TOMA-PRO,優格 TOMA-PRO,優格TOMA-PRO,優格 TOMA-PRO,,,,,,
oocoolforschool,too cool for school,too cool for school,Too cool for school,,,,,,
ocodor,珂珂朵爾 Cocodor,cocodor,Cocodor,,,,,,
三洋SANLUX,台灣三洋 SANLUX,台灣三洋 SANLUX,三洋 SANLUX,台灣三洋,,,,,
hirlpool,惠而浦 Whirlpool,惠而浦 whirlpool,惠而浦 Whirlpool,,,,,,
EAU耀,耀 EAU,EAU 耀,EAU耀,,,,,,
Lenovo,聯想 Lenovo,聯想 Lenovo,Lenovo 聯想,,,,,,
Farcent,花仙子 Farcent,Farcent,花仙子 Farcent,,,,,,
德國達麗,德國達麗 dalli,德國達麗Dalli,德國達麗 dalli,,,,,,
Dr.Hsieh達特醫,達特醫 Dr.Hsieh,Dr.Hsieh達特醫,Dr.Hsieh 達特醫,,,,,,
ForBelovedOne寵愛之名,寵愛之名 ForBelovedOne,ForBelovedOne寵愛之名,ForBelovedOne 寵愛之名,,,,,,
Johnson's,嬌生 Johnson's,嬌生 Johnson's,Johnson's 嬌生,,,,,,
The North Face,The North Face,NorthF,The North Face,,,,,,
Flormar,Flormar,Flormar,pretty by flormar,,,,,,
MONGE 瑪恩吉,瑪恩吉 MONGE,瑪恩吉M,瑪恩吉 MONGE,瑪恩吉 Monge,,,,,
Mdmmd 明洞國際,Mdmmd,明洞國際,Mdmmd 明洞國際,明洞國際,,,,,
pHisoDerm 菲蘇德美,菲蘇德美 pHisoDerm,菲蘇德美,菲蘇德美,pHisoDerm 菲蘇德美,,,,,
Solution 耐吉斯 ,耐吉斯 Solution,耐吉斯S,耐吉斯 SOLUTION,耐吉斯 Solution,,,,,
Saholea 森歐黎漾,森歐黎漾 Saholea,森歐黎漾,森歐黎漾,森歐黎漾 Saholea,,,,,
Mustela 慕之恬廊,慕之恬廊 mustela,ustela,慕之恬廊 mustela,Mustela,Mustela 慕之恬廊,Mustela 慕之恬廊,Mustela,Mustela,Mustela 慕之恬廊
Prosi 普洛斯,普洛斯 Prosi,普洛斯Prosi,普洛斯Prosi,普洛斯 Prosi,,,,,
PALMER'S 帕瑪氏,帕瑪氏 PALMER'S,PALMER'S,PALMER'S 帕瑪氏,帕瑪氏 PALMER'S,,,,,
IRIS OHYAMA 愛麗思歐雅瑪,愛麗思歐雅瑪 IRIS OHYAMA,IRISOHYAMA,IRIS OHYAMA,愛麗思歐雅瑪 IRIS OHYAMA,,,,,
AVALON,艾瑪絲 AVALON,AVALON,AVALON,AVALON ORGANICS,,,,,
Watsons 屈臣氏,屈臣氏 Watsons,Watsons,屈臣氏 Watsons,Naturals by Watsons,Collagen by Watsons,byWatsons,Naturals by Watsons,Arome by Watsons,Collagen by Watsons
Roudye 柔蝶,柔蝶 Roudye,Roudye,Roudye 柔蝶,柔蝶 Roudye,,,,,
LitoMon 怪獸部落,怪獸部落 LitoMon,怪獸部落,怪獸部落 LitoMon,怪獸部落,,,,,
DERMAL 德瑪,德瑪 DERMAL,DERMAL,DERMAL,DERMAL 德瑪,,,,,
Frigidaire 富及第,富及第 Frigidaire,富及第F,富及第 Frigidaire,富及第 FRIGIDAIRE,,,,,
L'EGERE 蘭吉兒,蘭吉兒 L'EGERE,EGERE蘭吉兒,LEGERE 蘭吉兒,L'EGERE 蘭吉兒,,,,,
The Body Shop 美體小舖,美體小舖 The Body Shop,TheBodyShop,The Body Shop,美體小舖 The Body Shop,The Body Shop 美體小舖,,,,
Revital 莉薇特麗,莉薇特麗 Revital,莉薇特麗,Revital 莉薇特麗,莉薇特麗,,,,,
逸盛 Esense,逸盛 Esense,Esense,逸盛 Esense,酷涼 Esense,,,,,
Pigeon 貝親,貝親 Pigeon,Pigeon,貝親 Pigeon,Pigeon貝親,,,,,
GIGABYTE 技嘉,技嘉 GIGABYTE,GIGABYTE,技嘉 GIGABYTE,GIGABYTE 技嘉,,,,,
Grandmother Agafia 阿加菲亞老奶奶,阿加菲亞老奶奶 Grandmother Agafia,GrandmotherAgafia,阿加菲亞老奶奶 Grandmother Agafia,Grandmother Agafia 阿加菲亞老奶奶,Agafia,阿加菲亞老奶奶 Grandmother Agafia,Grandmother Agafia 阿加菲亞老奶奶,Agafia阿卡菲,
LION Kirei-kirei 日本獅王,日本獅王 趣淨 LION Kirei-kirei,LION Kirei-kirei 日本獅王趣淨,,,,,,,
APIVITA 艾蜜塔,艾蜜塔 APIVITA,APIVITA,APIVITA,APIVITA 艾蜜塔,,,,,
VICHY 薇姿,薇姿 VICHY,VICHY薇姿,VICHY薇姿,VICHY 薇姿,,,,,
Greenvines 綠藤生機,綠藤生機 Greenvines,綠藤生機,綠藤生機 Greenvines,綠藤生機,,,,,
博寶兒 Probo,博寶兒Probo,博寶兒Probo,博寶兒 Probo,博寶兒Probo,,,,,
Plantur,Plantur,Plantur,Plantur 39,Plantur 21,,,,,
Dr.藝群,Dr.藝群,Dr.藝群,Dr.藝群,Dr. 藝群,,,,,
PRINCESS 荷蘭公主,荷蘭公主 PRINCESS,荷蘭公主,荷蘭公主 PRINCESS,荷蘭公主,,,,,
Pure Beauty,Pure Beauty,PureBeauty,Pink by Pure Beauty,Pure Beauty,,,,,
Valentino Rudy 范倫鐵諾,范倫鐵諾 Valentino Rudy,ValentinoRudy,Valentino Rudy 范倫鐵諾,范倫鐵諾 Valentino Rudy,,,,,
L'ERBOLARIO 蕾莉歐,蕾莉歐 L’ERBOLARIO,ERBOLARIO,蕾莉歐 L’ERBOLARIO,L'ERBOLARIO 蕾莉歐,,,,,
Cooler Master 酷碼,酷碼 Cooler Master,MASTER,COOLER MASTER,Cooler,酷碼 CoolerMaster,Cooler Master,Master,,
Pelican 沛麗康,沛麗康 Pelican,Pelican,Pelican 沛麗康,沛麗康 Pelican,,,,,
NEO-TEC 妮傲絲翠,妮傲絲翠 NEO-TEC,NEO-TEC 妮傲絲翠,NEO-TEC妮傲絲翠,,,,,,
D-UP,‎D-UP,‎D-UP,D-UP,,,,,,
Revital 莉薇特麗,莉薇特麗 Revital,Revital,Revital 莉薇特麗,,,,,,
BBUY 爵士貓吧,爵士貓吧 BBUY,爵士貓吧,爵士貓吧 BBUY,,,,,,
FUSO Pets 福壽,福壽 FUSO Pets,福壽 FUSO Pets,福壽 FUSO,,,,,,
Recolte 麗克特,麗克特 récolte,麗克特 récolte,麗克特 recolte,,,,,,
She's,She's,She's,she's,,,,,,
Elizabeth Arden 伊麗莎白雅頓,伊麗莎白雅頓 Elizabeth Arden,Elizabeth Arden 伊麗莎白雅頓,伊麗莎白雅頓,,,,,,
San Benedetto 聖碧濤,聖碧濤 San Benedetto,San Benedetto,聖碧濤 San Benedetto,,,,,,
Real Power 瑞威,瑞威 Real Power,瑞威 Real Power,瑞威 Real nature,,,,,,
BYPHASSE 蓓昂斯,蓓昂斯 BYPHASSE,BYPHASSE 蓓昂斯,蓓昂斯 BYPHASSE,,,,,,
Simple Kaffa 興波咖啡,興波咖啡 Simple Kaffa,興波咖啡,興波咖啡 Simple Kaffa,,,,,,
Telefunken 德律風根,德律風根 Telefunken,德律風根,德律風根 Telefunken,,,,,,
Blackmores 澳佳寶,澳佳寶 Blackmores,Blackmores澳佳寶,Blackmores 澳佳寶,,,,,,
Dr. Bronner's 布朗博士,布朗博士 Dr. Bronner's,布朗博士,Dr. Bronner's 布朗博士,,,,,,
LUCIDO 倫士度,倫士度 LUCIDO,LUCIDO 倫士度,倫士度 LUCIDO,,,,,,
NATURAVERDE 自然之綠,自然之綠 NATURAVERDE,自然之綠,自然之綠 NATURAVERDE,,,,,,
JustHerb 香草集,香草集 JustHerb,JustHerb 香草集,香草集 JustHerb,JustHerb,,,,,
StriVectin 皺效奇蹟,皺效奇蹟 StriVectin,StriVectin 皺效奇蹟,StriVectin,,,,,,
vt cosmetics,VT Cosmetics,vt cosmetics,vt cosmetics X BT21,,,,,,
Armonto 阿曼特,阿曼特 Armonto,阿曼特 armonto,阿曼特 Armonto,,,,,,
SUPER MILD 詩波蜜柔,詩波蜜柔 SUPER MILD,SUPER MILD,詩波蜜柔 SUPER MILD,,,,,,
Starbucks 星巴克,星巴克 Starbucks,Starbucks,星巴克 Starbucks,,,,,,
Dr.Douxi 朵璽,朵璽 Dr.Douxi,Dr.Douxi朵璽,Dr.Douxi 朵璽,,,,,,
TTL 台酒生技,台酒生技 TTL,TTL 台酒生技,台酒生技,,,,,,
Health Extension 綠野鮮食,綠野鮮食 Health Extension,綠野鮮食Health Extension,綠野鮮食 Health Extension,,,,,,
Balea 芭樂雅,芭樂雅 Balea,Balea 芭樂雅,Balea芭樂雅,,,,,,
Disney 迪士尼,迪士尼 Disney,Disney,迪士尼 Disney,,,,,,
THE FACE SHOP 菲詩小舖,菲詩小舖 THE FACE SHOP,THE FACE SHOP 菲詩小舖,THE FACE SHOP菲詩小舖,,,,,,
MIYOSHI 玉之肌,玉之肌 MIYOSHI,玉之肌 MIYOSHI,MIYOSHI,,,,,,
LOGONA 諾格那,諾格那 LOGONA,LOGONA 諾格那,諾格那 LOGONA,,,,,,
ADDICTION 自然癮食,自然癮食 Addiction,自然癮食 Addiction,自然癮食 ADDICTION,,,,,,
BFFECT 好肌膚精華研究室,好肌膚精華研究室 BFFECT,BFFECT,BFFECT 好肌膚精華研究室,,,,,,
InfoThink 訊想科技,鋼鐵人 InfoThink,InfoThink,infoThink,鋼鐵人 InfoThink,,,,,
BIONEO 德國百妮,德國百妮 BIONEO,BIONEO 德國百妮,德國百妮,,,,,,
Victoria's Secret 維多利亞的秘密,維多利亞的秘密 Victoria's Secret,維多利亞的秘密,Victoria's Secret 維多利亞的秘密,,,,,,
Royal Unibrew,Royal Unibrew,royal unibrew,Royal Unibrew,,,,,,
Balzano 義大利,義大利 Balzano,Balzano,義大利Balzano,,,,,,
Himalaya 喜馬拉雅,喜馬拉雅 Himalaya,Himalaya 喜馬拉雅,喜馬拉雅 Himalaya,,,,,,
Iris Ohyama 日本,日本Iris Ohyama,Iris Ohyama,日本Iris Ohyama,,,,,,
Pet Village 魔法村,魔法村 Pet Village,Pet village,魔法村 Pet Village,,,,,,
Ivory Coat 澳克騎士,澳克騎士 Ivory Coat,澳克騎士 IVORY COAT,澳克騎士 Ivory Coat,,,,,,
Kirkland Signature 科克蘭,科克蘭 Kirkland Signature,Kirkland Signature 科克蘭,科克蘭 Kirkland,科克蘭Kirkland,KirklandSignature,,,,
ONE amadana,One amadana,One amadana,amadana,ONE amadana,,,,,
Kneipp 克奈圃,克奈圃 Kneipp,Kneipp 克奈圃,克奈圃 Kneipp,,,,,,
Joy Food 喜樂寵宴,喜樂寵宴 Joy Food,喜樂寵宴JOY FOOD,Joy Food 喜樂寵宴 ,,,,,,
Yves Rocher 伊夫‧黎雪,伊夫‧黎雪 Yves Rocher,伊夫‧黎雪 Yves Rocher,YVES Rocher,,,,,,
R.O.C.S,R.O.C.S,R.O.C.S,R.O.C.S.,,,,,,
Furimori 富力森 ,富力森 Furimori,富力森 FURIMORI,富力森 Furimori,,,,,,
Vanicream 薇霓肌本,薇霓肌本 Vanicream,薇霓肌本 VANICREAM,VANICREAM 薇霓肌本,,,,,,
Mumchit 默契,默契 Mumchit,MUMCHIT默契,MUMCHIT,,,,,,
Chatzutang 茶籽堂,茶籽堂 cha tzu tang,茶籽堂 cha tzu tang,cha tzu tang 茶籽堂,,,,,,
O’Keeffe’s 歐肌膚,歐肌膚 O’Keeffe’s,O'Keeffe's 歐肌膚,O’Keeffe’s 歐肌膚,,,,,,
Pezri 派翠,派翠 Pezri,PEZRI 派翠,PEZRI派翠,,,,,,
First lab 菲特研,菲特研 First lab,菲特研 FIRST LAB,菲特研FIRST LAB,,,,,,
Melvita 蜜葳特,蜜葳特 Melvita,蜜葳特 Melvita,Melvita 蜜葳特,,,,,,
Jourdeness 佐登妮絲,佐登妮絲 Jourdeness,佐登妮絲,JOURDENESS 佐登妮絲,,,,,,
Burt's Bees 小蜜蜂爺爺,小蜜蜂爺爺 Burt's Bees,Burt's Bees 小蜜蜂爺爺,BURT'S BEES 小蜜蜂爺爺,Burt's Bees,,,,,
It's Skin 伊思,伊思 It's Skin,It's skin,伊思It's Skin,,,,,,
Future lab 未來實驗室,未來實驗室 Future Lab.,未來實驗室 Future Lab.,Future Lab 未來實驗室,未來實驗室 FUTURE LAB,,,,,
Giaretti 珈樂堤,珈樂堤 Giaretti,珈樂堤 Giaretti,義大利Giaretti,,,,,,
Global pets 全球寵物 ,全球寵物 Global pets,全球寵物,全球寵物 GLOBAL PETS,,,,,,
Imarflex 伊瑪,伊瑪 imarflex,伊瑪 imarflex,伊瑪 Imarflex,,,,,,
Zushiang 日象 ,日象 zushiang,日象 zushiang,日象 Zushiang,,,,,,
Babe 貝貝實驗室,貝貝實驗室 Babe,BABE 貝貝實驗室,貝貝實驗室,,,,,,
IN-Plus 贏 ,贏 IN-Plus,贏 IN-Plus,贏 IN-PLUS,,,,,,
Green Finger 綠手指 ,綠手指 Green Finger,綠手指 Green Finger,Green Finger,,,,,,
Sofnon 詩芙儂,詩芙儂 Sofnon,Sofnon 詩芙儂,詩芙儂 Sofnon,,,,,,
Les nez 香鼻子,香鼻子 Les nez,Les nez,Les nez 香鼻子,,,,,,
Dormindorcin 朵蔓朵蓮 ,朵蔓朵蓮 Dormindorcin,朵蔓朵蓮 Dormindorcin,朵蔓朵蓮,,,,,,
Yanagiya 柳屋,柳屋 Yanagiya,YANAGIYA 柳屋,柳屋 YANAGIYA,,,,,,
Tilley 皇家特莉,皇家特莉 Tilley,Tilley 皇家特莉,皇家特莉 Tilley,,,,,,
Dr. Aik 艾克博士 ,艾克博士 Dr. Aik,艾克博士 Dr. Aik,艾克博士,,,,,,
Maycheer 美茜兒,美茜兒 Maycheer,MAYCHEER,MAYCHEER 美茜兒,,,,,,
Best 倍思特 ,倍思特 Best,倍思特 Best,倍思特 BEST,,,,,,
Alkmene 歐坷蔓,歐坷蔓 alkmene,歐坷蔓 alkmene,alkmene 歐坷蔓,,,,,,
Wellness+ 盛燦男士,盛燦男士 wellness+,wellness+ 盛燦男士,wellness+,,,,,,
Esprique precious 丰靡美姬,丰靡美姬 Esprique precious,ESPRIQUE PRECIOUS丰靡美姬,ESPRIQUE PRECIOUS 丰靡美姬,ESPRIQUE PRECIOUS丰靡美姬,ESPRIQUE PRECIOUS 丰靡美姬,,,,
John Masters Organics,John Masters Organics,john masters organics,John Masters Organics,,,,,,
Now 娜奧,娜奧 NOW,NOW 娜奧,NOW娜奧,,,,,,
Panrose 潘柔,潘柔 Panrose,潘柔 PANROSE,PANROSE 潘柔,,,,,,
Dr. Hauschka 德國世家,德國世家 Dr. Hauschka,德國世家 Dr. Hauschka,Dr. Hauschka 德國世家,,,,,,
G+ 居家,居家 G+,G+居家,G+ 居家,,,,,,
Carvin kolai 卡汶克萊,卡汶克萊 Carvin kolai,卡汶克萊,CARVIN KOLAI 卡汶克萊,,,,,,
St.Clare 聖克萊爾,聖克萊爾 StClare,StClare 聖克萊爾,St.Clare 聖克萊爾,,,,,,
Be quiet,Be quiet,be quiet,Be quiet,,,,,,
Aus life 澳思萊,澳思萊 Aus life,AUS LIFE 澳思萊,澳思萊 AUS LIFE,,,,,,
Lavender cottage 薰衣草森,薰衣草森林 Lavender Cottage,薰衣草森林,Lavender Cottage 薰衣草森林,,,,,,
Jonzac 森朵恩泉,森朵恩泉 Jonzac,Jonzac 森朵恩泉,Jonzac,,,,,,
Maytag 美泰克 ,美泰克 Maytag,美泰克 Maytag,美泰克 MAYTAG,,,,,,
Corsica 科皙佳,科皙佳 Corsica,CORSICA 科皙佳,CORSICA,,,,,,
SAN sports 山司伯特 ,山司伯特 SAN sports,山司伯特 SAN SPORTS,山司伯特 SAN sports,,,,,,
GamARde 珂瑪德,珂瑪德 GamARde,GamARde 珂瑪德,珂瑪德 GamARde,,,,,,
Neobio 麗柏有機,麗柏有機 Neobio,麗柏有機 Neobio,Neobio 麗柏有機,,,,,,